german,translation
Montanvergletscher,горный ледник
Im Sattel eines Pferdes hinter mich,в седле лошади подо мной
Sich mieten (te; t) + D,арендовать
Maulesel,мул
Die Trittsicherheit,"уверенная подходка, уверенные ноги"
Der Pfad (en),тропа
Rau,"шороховатый, грубый, хриплый, воспалённый"
Sich verletzen (te; t),"повредиться, пораниться, изучевиться"
Weniger leicht,"менее легко, сложнее (контекст: меньше)"
Verbringen (a; a),проводить
Herrlich,"чудесный, “божественный”"
Mitte August,в середине августа
Wegen + D,из-за чего-то …
Vergehen (a; a),проходить
Der Tod,смерть
Seit dem Tode,со времени смерти
Das Leid,страдание (tut mir leid - мне жаль)
Seit jener Zeit,с того времени
Die Last,"тяжесть, груз"
Die Last auf meiner Seele,тяжесть на моей душе
Werden,wurde - geworden - становиться
Je … Desto,Чем … тем
Die Schlucht,ущелье
Eindringen (a; u),проникать
Gewaltig,"огромный, величественный"
Neben + D,около чего-то
Das Getöse des Flusses,грохот реки
Das Brausen der Wasserfälle,рёв водопадов
Gleichen,D - быть подобным чему-то
"Die Kraft, die der Allmacht glich","cила, подобная всевластию"
Ich gehe gleich wieder,я сейчас (сразу) ухожу
Aufragen (te; t),возвышаться
Weichen (i; i),"отступать, оставлять"
Sich beugen (te; t) + D,подчиниться
Das Wesen,существо
Allmächtig,всемогущий
Der Schöpfer und Herrscher,творец и владыка
Herrschen über + A,"владычествовать над, повелевать чем-то"
Die Gestalt,облик
Beeindrucken (te; t),производить впечатление
Beeindrickend,впечатляющий
Das Tal,долина
Verfallene Burge,разрушенные крепости
Kleben (te; t),висеть
An den bewaldeten Talhängen,на лесистых склонах долины
Ungestüm,неистовый
Hier und da,"тут и там, то тут то там"
Hervorlugen (te; t),выглядывать
Das Bild erleben,складываться в картину
Etwas Einzigartiger Schönheit,что-то уникальной красоты (родительный падеж)
Weißleuchende Zacken und Gipfel,блестящие зубцы и вершины
Überragen (te; t),"выступать над, также превосходить"
Angehören (te; t) an + D,принадлежать к
Lassen (ie; a) erscheinen,позволять казаться
Überquerten (te; t),пересекать
Die Brücke (n),мост
Die ausgewaschene Schlucht,вымытое ущелье
Sich öffnen (te; t),"открываться, показываться (вид)"
Sich daran machen (te; t),начинать что-то делать
Erklimmen (o; o),"подниматься, взбираться"
Der Haus steht… Daneben gibt´s ein Park,"рядом, возле этого есть парк"
Er ist klug. Daneben ist er auch hübsch,"… кроме того, он ещё и…"
Bald darauf,вскоре после этого
… die ich soeben passiert hatte,которую я только что проходил
Von + D eingerahmt werden,быть окружённым чем-то…
Weder … noch,ни… ни…
Sich schieben (o; o),"подбираться, толкаться"
Sich bis dicht an + A heran schieben,подбираться вплотную к …
Vernehmen (a; o),услышать
Vervolgen (te; t) ihren Weg,проследовать\проследить за его движением
Prächtig,величественный
Sich aus + D erheben (a; o),возвышаться из …
Über + D thronen (te; t),возвышаться над …
Während dieser Reise,во время этого путешествия
Überfallen (ie; a),охватывать
überfiel mich ein prickelndes Gefühl der Freude,меня охватило острое чувство радости
Schon lange nicht mehr empfinden (a; u),уже давно более не испытывал
Längst vergangene Tage,давно прошедшие дни
Die Unbekümmertheit meiner Jugend,беззаботность моей юности
Mit + D verknüpft (te; t) werden,быть связанным с …
Selbst der Wind,даже сам ветер
Besänftigend,успокаювающе
Flüstern (te; t),шептать
Bitten (a; e) nicht länger zu trauern,просить больше не печалиться
Verlieren (o; o) an Kraft,утратить свою силу
Beruhigende Wirkung,успокаивающее воздействие
Erneut,снова
Leiden (i; i) under dem Kummer,страдать от печали
"Sich trüben Betrachtungen hingeben (a, e)",предаваться\отдаваться унылым
"Antreiben (ie, ie)",подгонять\погонять
In dem Bemühen … zu …,в попытке сделать что-то
Vor allem,прежде всего
Zu Boden gleiten (i; i),сползти на землю
Das Gewicht des Grauens/der Verzweiflung,вес ужаса\отчаяния
Weit weg,далеко
Hinab,вниз (вода течёт вниз)
Folgen + D,следовать за …
Übergroß/übermäßig/extrem,чрезмерный
Die Müdigkeit,усталость
Völlig,"полный, тотальный"
Die Erschöpfung,истощение
Ich blieb einen Augenblick stehen,я на мгновение остановился
Das Quartier,"жильё, квартира"
Umzucken (te; t) A,сверкать вокруг
Lauschen (te; t) + D,"прислушиваться к, подслушивать"
Das Rauschen,шум
Fosend,c грохотом
Das Geräusch,звуки
Wirken (te; t) auf + A,действовать на
Überreizt,переутомлён
Das Wiegenlied,колыбельная
Kaum,едва
Betten (te; t),укладывать спать
Auch schon,тут же
Spüren (te; t),чувствовать
Segnen (te; t),благославлять
Der Spender des Vergessens,даритель забвения
Durchstreifen (te; t; неотделяемая приставка),"бродить, прогуливаться"
Hervorsprudeln (te; t),"вытекать, бить ключом"
Herunter,вниз
Drohen (te; t),угрожать
Versperren (te; t),перекрыть
Die Quelle (n),исток
Verweilen (te; t) an + D,задержаться у …
Hängen (i; a) über + A,висеть над
Vor mir,передо мной
Ringsum,вокруг
Zerschmettern (te; t),"разбивать, сокрушать"
Die Kiefer (n),сосна
Unterbrechen (o; o),"прерывать, перебивать"
Wiederhallend,гремящий
Das Krachen,треск
Das Zusammenwirken unverändlicher Naturgesetze,взаимодействие неизменных
Zerbrechen (o; o),ломаться
Zersprengen (te; t),"разрываться, взрываться"
Größten Trost,величайшее утешение
Kleinmütig,беспокойный
Verdränden (te; t),вытеснять
In gewissen Grenzen,"до известного предела, в известной степени"
Ablenken (te; t),отвлекать
Quälend,мучительный
Peinigen (te; t),терзать
Des Nachts,"по ночам, в ночной час"
Kahl,"лысый, голый (например, лес), скудный"
Der Adler,орёл
Sich aufschwingen (a; u),взмыть
Entfliehen (o; o),"исчезнуть, сбежать"
Trüben (te; t),омрачать
Gießen,лить
"Der Strom, in Stromen","поток, потоками"
Dicht,густой
Der Dunst (Dünste),туман
Der Schwaden,облако
Verhüllen (te; t),окутывать
Der Schleier,завеса
Durchstoßen (ie; o) + A,прорываться через что-то
Aufsuchen (te; t),отыскать
Durchpulsen (te; t),пронизывать
Das Entzücken,восторг
Verleihen (te; t),даровать
Düster,мрачный
Tatsächlich,"на самом деле, actually"
Das Gemüt (er),настроение
Der Anblick (e),вид
Vergänglich,преходящий
Irdisch,земной
Beschließen (o; o),решать
Sich auf den Weg machen,отправляться
Mit D wohl vertraut sein,быть с чем-то хорошо знакомым
Außerdem,кроме того
Die Anwesenheit,присутствие
Schteil,крутой
Vorankommen (a; o),продвигаться вперёд
Wohingehen,в то время как
Zerbersten (o; o),раскалывать
Umknicken (te; t),"сгибать, ломать"
In unablässigem Strom,в непрерывном потоке
Schleudern (te; t) die Vernichtigung,привести к гибели
Die Strenge,"строгость, суровость"
Gegenüberliegend,противоположный
Verschwinden (a; u),исчезать
Die Umgebung,окружение
Sich rühmen (te; t) + D,"хвастаться, хвалиться"
Beschränken (te; t) auf A,ограничивать
Der Trieb (e),инстинкт
Von D umhergetrieben werden,управляться с чем-то
Der Felsen,скала
Breietn (te; t),расстилать
Der Windstoß,порыв ветра
Ähneln (te; t) + D,напоминать кого-то
Das aufgewühlten Meer,бурное море
Senken (te; t),спускать
Die Überquerung der Strecke,пересечение расстояния
Ungefähr,примерно
Auf A starren (te; t),уставиться на
Atemberaubend,"захватывающий, breathtaking"
"…, oder vielmehr …",… или скорее …
Funkeln (te; t),сверкать
Die Herzen drohen (te; t) vor Kummer zu bersten (а; o),сердца угрожают лопнуть от горя
Umherstreifen (te; t),"блуждать, странствовать"
Das enge Grab (Gräbe),узкая могила
Gönnen (te; t),даровать
Der Gefährte (n),спутник
In der Ferne,вдалеке
Sich nähern (te; t),приближаться
Setzen (te; t),перескакивать
Der Riss (e),трещина
Sein von Schwäche befallen (ie; a),быть охваченным слабостью
Das elende Ungeheuer,жалкое чудовище
Voller Entsetzen,в ужасе
Der Kampf auf Leben und Tod,борьба на жизнь и смерть
Zittern (te; t) von D,дрожать от
Die Wut,ярость
Das Grauen,страх
Entdecken (te; t),обнаруживать
Die Verachtung,презрение
Die Boshaftigkeit,злоба
"Nur deshalb, um … zu",только для того чтобы
Der Hass,ненависть
Der Abscheu,отвращение
Wagen (te; t),осмеливаться
Die Rache,месть
In den Staub trampeln (te; t),растоптать в прах
Das arme Opfer,несчастная жертва
Meucheln (te; t),тайно убивать
Zum Leben erwecken (te; t),возвращать к жизни
Der Empfang (Empfänge),приём
Gefasst sein auf A,быть готовым к
Erwildern (te; t),"возражать, отвечать"
Verabscheuen (te; t),"ненавидеть, чувствовать отвращение"
Lösen (te; t),"решать, разрешать, разгадывать"
Derart,"так, таким образом (например, как можно так себя вести?)"
Die Pflicht (en),долг
Die Pflicht D gegenüber erfüllen (te; t),исполнять перед кем-то долг
Einwilligen (te; t),соглашаться
Sich weigern (te; t),отказываться
Die Qualen der Hölle,муки ада
Leichtvertig,неосторожно
Ehe,прежде чем
Ausweichen (ie; ie) + D,"уклоняться, уворачиваться"
Erwidern (te; t),отвечать
Verteidigen (te; t),защищать
Hinreßen (i; i),соблазнять
Gehorsam,послушный
Gelehrig,прилежный
Auf D gerecht sein,быть справедливым к
Es mir gebührt,"мне это по праву принадлежит, я этого заслуживаю"
Die Seligkeit,блаженство
Um mich herum,вокруг меня
Der Verächter,ненавистник
Das Elend,страдание
Tugendhaft,добродетельный
Untergehen (a; a),"погибнуть, пасть в бою"
Rühren (te; t),"тронуть, пошевелить"
Bewegen (te; t) zu D,побужать к
Die Güte,доброта
Das Mitleid,сострадание
Erstrahlen (te; t),"светиться, сиять"
Die Zuflucht (en),прибежище
Missgönnen (te; t),завидовать
Er ist mir freundlich gesinnt,он ко мне дружелюбно настроен
Sich zu … aufmachen (te; t),"отправиться на что-то, на учёбу, например"
Die Beziehung,отношение
In D Macht liegen (te; t),быть в чьих-то силах
Umstimmen (te; t),"переубедить, убедить"
Das Übel,зло
Von D befreien (te; t),освободить от
"Je nachdem …,",в зависимости от того..
G bezichtigen (te; t),обвинять кого-то
Etw ruhigen Gewissens machen,делать что-то с чистой совестью
Gelobt sei,да будет прославлен
Anflehen (te; t) zu schonen (te; t),умолять пощадить
Zurückdenken (a; a) an A,вспоминать
"Verflucht sei der Tag, an dem …","да будет проклят тот день, когда"
Über alle Maßen,"до крайности, до предела"
Sogleich,сразу же
"Auf meinen Schultern ruht die Entscheidung darüber, ob",на моих плечах лежит решение
Aufgrund G,"по причине …, из-за …"
"…, die Ich einst besaß, ..",которые я когда-то имел
Ungewöhnlich,необычный
Bisher,до сих пор
Die Bestätigung oder Widerlegung dieser Meinung,подтверждение или опровержение
Beklagen (te; t) über A,жаловаться на …
"D nachgeben (a, e)",подчиниться
Niedergeschlagen,подавленный
Schweren Herzens,c тяжёлым сердцем
An wen soll ich mich wenden (a; e),к кому мне обратиться
Die Umbuchung,rebooking
Melden (te; t),report
Bewahren (te; t),сохранять
Einen Notreisepass ausstellen (te; t),issue an emerging pass
Einen Reisepass beantragen (te; t),apply for a pass
In Empfang,на выдаче
Die Gepäckausgabe,выдача багажа
Das Gepäckband,лента выдачи багажа
Beschädigen (te; t),"наносить ущерб, портить"
Die Verlustmeldung aufgeben (a; e),уведомлять о потере
Auf diese Weise,таким образом
Es ist D gelungen (gelingen (a; u)),удалось кому-то
Laut D,согласно
In derartigen Höhen,на таких высотах
Weshalb,"по этой причине, which is why"
Mittels + G,"by means of, with the help of"
Ersinnen (a; o) = erfinden (a; u),изобретать
Kannst du mich beraten?,можешь мне посоветовать?
"Anbieten (a, e)","предлагать что-то на выбор, offer"
Einheimisch,local
Das Nackenkissen,шейная подушка
Der Kopfhöhrer,наушник
Die Ohrstopsel / Ohrenstöpsel,"беруша, беруши"
Der Knast / Das Gefängnis / Die Strafanstalt,тюрьма
Der Häftling (e) / Die Insassen,"заключённый, заключённые"
Beeinträchtigen (te; t),мешать
Jetzt anderweitig genutzt,сейчас используется по-другому
Die Bretzel,брецель
Der Windbeutel,попушка с кремом
Das Plätzchen,печенье с шоколадом
Der Zopf,сладкий хлеб
Der Krapfen,пышка с вареньем
Die Schnecke,улитка
Der Leberkäse,печёночный “хлеб”
Die Teewurst,"паштет, завёрнутый, как колбаса"
Die Roulade,рулет
Das Filet,филе
Genügen (te; t),быть достаточным
Beschlagnahmen (te; t),конфисковать
Die Wünsche erfüllen (te; t),исполнять мечты
Diesen oder jenen,this one or that one
"Derjenige, der","тот, кто"
Dieselbe Aufgabe,то же задание
bezüglich + G,"касательно …, regarding …"
Die Entscheidung bezüglich unserer Pflichten,решение о наших обязательствах
Trotz + G,несмотря на
Anstatt + G,вместо
laut/gemäß,согласно
Während + G / im Verlauf von + D,во время
dank/aufgrund + G,"благодаря, по причине"
Wegen + G,ввиду…
Die Auswirkung (en) von D auf A,"последствия, эффект"
Übernehmen (a; o),"перенять, to do assuming responsibility"
Gruselig,"spooky, gruesome"
Von Angesicht zu Angesicht,"лицом к лицу, с глазу на глаз"
Ungelenk,"clumsy, awkward"
Die Anzeigetafel (n),доска с объявлениями
Die Ansage (n),объявление
Das Sparangebot (e),скидка
Eine Karte besitzen (a; a),обладать картой
Am Fenster oder am Gang,у окна или у прохода
Größtmögliche Anzahl,наибольшее возможное число
Vorsehen / vorhaben die Absicht haben / etwas beabsichtigen,планировать
Es könnte noch eine Weile dauern,это могло бы ещё сколько-то длиться
Zweistündige Verspätung,двухчасовое опоздание
Ich werde es ihr ausrichten,я это ей сообщу\передам
Sich eintragen (u; a),регистрироваться
Vorausgesezt = nur wenn; angenommen = falls,в случае если / когда
Der Entwurf (Entwürfe),"драфт, прототип"
Der Reiz an D,"стимул, интерес в"
Was ist der Reiz für dich daran? Wohin liegt der Reiz für dich?,в чём твой интерес?
"In die Tat umsetzen (te, t)","implement, put into action"
Entlassen (i; a),увольнять
Verschieben (o; o),"postpone, reschedule"
Tapezieren (te; t),клеить обои
Am auffäligsten,больше всего выделяется
Pflanzenfressend,травоядный
Abgelegener Ort = mitten im Nichts,у чёрта на куличиках
Ins Schwärmen geraten sein,"одуреть от энтузиазма, очень обрадоваться"
Von etw Wind bekomment,"узнать о чём-то, может через слухи"
Allergisch gegen,аллергия на
Die Unverträglichkeit (en),непереносимость
Die Tische zusammenscheiben (o; o),сдвинуть столы
Zusätzlich,дополнительный
Bislang,доселе
Wärst du so freundlich mich ihm vorzustellen?,мог бы ты меня представить?
Der Dienstreise,командировка
Die Geschwindigkeit überschreiten (i; i),превышать скорость
Die Unterkunft,"временное жильё, пристанище"
Ist .. im Preis inbegriffen,включено в стоимость
Sich nach D erkundigen (te; t),о чём-то осведомиться
Großartig = eindrucksvoll = faszinierend = ausgezeichnet,замечательный
Ich bin auf der Suche nach,я в поиске …
Ich habe in wenigen Minuten ein,у меня через несколько минут …
Die Stärken und Schwächen,сильные и слабые стороны
"Es macht mir Freude, anderen behilflich zu sein",мне доставляет радость быть полезным
Erwartungen bezüglich des Gehaltes,ожидания от зарплаты
"Probleme vermeiden (ie, ie)",избегать проблемы (предотвратить)
Umgehen (i; a),"обходиться, управляться"
Einstellen (te; t),брать на работу
kündigen (te; t),увольняться
"Das kommt darauf an, inwiefern …","это зависит от того, насколько\каким образом"
Umformulieren (te; t),переформулировать
Zu dieser Frage möchte Ich mich nicht äußern,этот вопрос я бы предпочёл не
Zu meinen politischen Ansichten möchte Ich keine Angabe machen,я бы предпочёл не
Die in … gelegenen Höhlen,расположенные в .. пещерах
Hervorheben (o; o),"выделять, подсвечивать"
Erscheinen (ie; ie),"казаться, появляться"
Befördert werden,получить повышение
Einarbeiten (te; t),"вводить в курс дела, подготавливать к чему-то"
"Deadlines einhalten (te,; t)",соблюдать дедлайны
Einnahmen steigern (te; t),увеличивать доходы
Lückenlose Anwesenheit,посещение без пропусков
Zuverlässig,надёжный
Das Selbstbewusstsein,"уверенность в себе, самосознание"
Unerfahren,неопытный
"Zerbröckeln (te; t), zerfallen (ie; a)","крошиться, разрушаться"
Der weitere Verlauf des Prozesses,дальнейшее протекание процесса
Die Eigenschaften,качества
Der Wohnungsmangel,дефицит жилья
Verschärfen (te; t),"обостряться, усугубляться"
Gravierend,"очень серьёзный (например, проблема)"
Ungefähr 1 Minute in Anspruch nehmen,примерно занимать одну минуту
Der Eignungstest,тест на профпригодность
Der Fragebogen,"опросник, анкета"
Das Allgemeinwissen,кругозор
Die Menge,"узобилие, куча, масса, уйма"
Annehmen (a; o),"принимать предложение о работе, продполагать"
Freie Wildbahn,"дикая природа, свобода"
Promovieren (te; t),идти в аспирантуру
Der Zwischenstopp / Die Zwischenlandung,пересадка
Die Gelegenheit = Die Möglichkeit,возможность
Die Hotelausstattung,"оборудование, удобства в отеле"
Von + D Gebrauch machen,воспользоваться …
Zunehmen (a; o),"увеличиваться, также набирать вес"
Die Vereinbarkeit = Die Kompatibilität,совместимость
Die Erwerbstätigkeit,занятость
Rundum versichert,полностью застрахован (кругом застрахован)
Die Einweihung,официальное открытие
"Der Abriss, abreßen (i; i)","снос, сносить (дом)"
Der Beichtstuhl,исповедальня
Das Weihwasser,святая вода
Der (Burg/Schloss)graben,"ров, канава"
Die Kamenate,"большая, отапливаемая комната в крепости"
Der Rittersaal,рыцарский зал
Die Zugbrücke,подъёмный мост
Streicheln (te; t),"гладить (собаку), ласкать, приголубливать"
Schärfen (te; t),"заточить, обострять, оттачивать"
Das Roggenbrot,ржаной хлеб
Der Bienenstich,"“пчелиный укус”, немецкий тортик"
Der Mohnkuchen,маковый пирог
Der Berliner,пишка с джемом внутри
Der Lachsschinken,карбонад красного цвета (поэтому называется как лосось)
Die Getreide,злаки
Aussterben (a; o),вымирать
Die Herausforderung,"вызов, трудность, испытание"
Schmackhaft,вкусный
Zart,нежный
Fad,пресный
Säuerlich,кисловатый
Wässrig,водянистый
Allerdings = dennoch,"впрочем, однако, тем не менее"
Welche Kräuter eignen sich zum Kochen mit …,"подходят, сгодятся"
Die Verzierung,"украшение, декор"
"Erbauen (te; t), errichten (te; t)",возводить
Sich auszeichnen (te; t) durch A,"выделяться, отличаться"
Der Adel,"дворяне, дворянство"
Die Aufklärung,просвещение (эпоха в том числе)
"Der Vorbehalte, Das Bedenken","сомнения, оговорки, предубеждения, недоверие"
Verzögern (te; t),"замедлять, откладывать"
"Der Beweis (e), Der Nachweis (e), Die Bescheinigung (en)",доказательство
Der Befehl (e),"приказ, команда"
Die Farbtöne sind gut aufeinander abgestimmt,цвета хорошо сочетаются
Naturgetreu darstellen (te; t),естественно изображать
Der Inbegriff von D/G,воплощение
sagenhaft = unglaublich,баснословный
Veranschaulichen (te; t),наглядно объяснять
Sich mit D auseinandersetzen (te; t),подробно разбираться с чем-то
Anspruchsvoll,"требовательный, сложный, требует много ресурсов"
Die Auffassung vertreten (a; e),придерживаться мнения
Sich bewähren (te; t),"проявить себя, оправдать себя"
Im Rahmen von D,в рамках чего-то (было сделано что-то)
Sich + A aneignen (te; t),усваивать что-то
Auf A Wert legen (a; e),придавать чему-то значение
Unversichtbar,"необходимый, заменимый"
Im Gegensatz zu D,в отличие от …
Die Voraussetzung für A,"предпосылка, условие"
Verbergen (a; o),"прятать,"
sich verbergen,прятаться
Absichtlich,"по плану, специально, deliberately, intentionally"
Zumindest,"как минимум, at least"
Nach bisherigem Wissensstand,согласно нынешним знаниям
Größtenteils,по большей части
Mit dem bloßen Auge,невооружённым взглядом
Es steht noch in den Sternen,"неясно, неопределено, “звёзды покажут, случится или"
Verwenden (te; t),"использовать, utilize, employ"
Die Büroartikel,канцтовары
Die Abteilung,"секция, специально выделенное место (например рабочие столы со"
Ausschöpfen (te; t),"использовать полностью, в полную силу"
Veralten (te; t),устаревать
Selbstverständlich,Само собой
Nirgendwo,нигде
Erfolgen (te; t),"happen, occur, take place"
Der Betrag,"сумма, количество, цена, деньги"
Sich Gehör verschaffen = sich merkbar machen,стать услышанным
Heikel,"сложный, деликатный, щекотливый (о темах для разговора)"
Bevorzugen (te; t),предпочитать
Sich zu D bereit erklären (te; t),соглашаться
Wenn Ich an deiner Stelle wäre,будь я на твоём месте
Auf längere Sicht gesehen kann Ich,в долгосрочной перспективе
"Um ehrlich zu sein, bin Ich der Ansicht","честно говоря, я считаю.."
Zum einen.. Zum anderen..,во-первых … к тому же
Befürchten (te; t),опасаться
Mittlerweile,"сейчас, между тем"
Es ist vollkommen …,это совершенно\абсолютно\вполне
Es gehört sich (nicht),так (не)положено
Zurückziehen (o; o),"отпуступать, закрываться (в отношениях)"
Aushandeln (te; t),"договариваться, обсуждать"
Im Vergleich zu damals würde heute,"в сравнении с тогдашним, сейчас"
Vermutlich; vermuten,"предположительно, вероятно ; предполагать"
"… es liegt daran, dass","… это потому, что…"
für jdn Verständnis haben,to have understanding for someone
jdm Vorwürfe machen,to make accusations/reproaches to someone
zu jdm Kontakt aufnehmen,to get in touch with someone
an seine Grenzen stoßen (ie; o + sein),to reach one's limits
jdm einen Gefallen tun,to do someone a favor
auf jdn Rücksicht nehmen,to show consideration for someone
jdm Geborgenheit geben,to give someone a sense of security
Die Besorgung,"der Einkauf von benötigen Produkten; дело, поручение"
Der Umbruch,"eine starke, grundsätzliche Veränderung; потрясение, разрыр, перелом"
Die Kompromissbereitschaft,готовность к компромиссу
Die Erledigung,das Erfüllen einer Aufgabe
Der Pate / Die Patin,"крёстный отец, крёстная"
Mit etwas rechnen,"etwas erwarten, be alert with smth"
Vererben (te; t),"наследовать, завещать"
Ausdrücken (te; t),выражать
Vorwurfsvoll,"укоризненный, с упрёком"
Veränderbar,изменяемый
Verweisen auf A (ie; ie),указывать на
Offensichtlich,"очевидный, явный"
Der Streit um A,спор о
Der Kumpel,"приятель, братан"
Der Blödsinn,чушь
"Von außen betrachtet, …","со стороны (смотря со стороны), со стороны кажется, что.."
Wirken auf A als,казаться кому-то таким-то
Sich … vorkommen,казаться таким-то
Sämtlich,"любой, каждый"
Ausstrahlen (te; t) = nach außen zeigen,"излучать (например, уверенность)"
Verdeutlichen (te; t),"разъяснять, прояснять"
Staunen = sich wundern,"изумляться, удивляться"
Bewundern an D,удивляться чему-то
Begreifen (i; i),осознать
Übertrieben eilig (чрезвычайно поспешный) = hektisch,хаотичный
Geeignet =begabt = talentiert,"одарённый, талантливый"
Intelligent = klug = schlau != dumm,"умный, смышлёный"
Cool = ruhig = gelassen = lässig,"размеренный, спокойный"
Gerade = aufrecht (прямо),прямо
Ehrgeizig,"амбициозный, целеустремлённый"
Entschlossen,решительный
Übereinstimmen (te; t) in D,совпадать в
Von Natur aus,"по своей природе, от природы"
Zurückführen auf A,"сводиться к, связывать с"
Entlarven (te; t),"разоблачать, раскрывать"
Der Betrüger = Der Hochstapler,"мошенник, самозванец, аферист, жулик"
Die Leistungsbereitschaft,"целеустремлённость, готовность приложить свои умения для"
Kennzeichnen (te; gekennzeichnet) A,"помечать, маркировать, обозначать"
Die Gebärdensprache,sign language
Ein Beispiel für … wäre,примером .. был бы
Angesichts + G (e.g. dieser Beobachtungen),"принимая во внимание, с учётом, в свете"
"Es wird davon ausgegangen, dass","предполагается, что"
Mangels + G,"в отсутствие, за неимением"
Die Herkunft,происхождение
Erwähnen (te; t),"упоминать, отмечать"
Gewissenhaft,добросовестный
Das Wurzeln,корни (прямой и переносный смысл)
Anders ausgedrückt,"иначе говоря, иными словами"
Zumal,"особенно учитывая, тем более что"
Es kommt/geht über die Lippen,"что-то произносится, слетает с губ"
Umgekehrt …,"наоборот, с другой стороны, напротив, (также обратно)"
Anlässig + G,по случаю (e.g. др)
Die Studien belegen/beweisen,"исследования показывают, утверждают"
Mithilfe von Studien konnte man die Annahme bestätigen,при помощи исследований
Das sieht man daran dass… / das zeigt sich daran,that’s how you can tell that …
Daher,"поэтому, таким образом"
Unter D versteht man,"под … понимается, имеется в виду"
Es kann als … rüberkommen (a; o) *trennbar* = es kann den Eindruck vermitteln,может
Verknüpft sein mit D,быть связанным с
Erlernen (te; t),"осваивать, выучивать, научиться"
Der Befragte,опрашиваемый
Pflichtbewusst,сознающий свой долг
Entsprechen (a; o) + D,соответствовать
Anpassen (te; t) an A,приспосабливаться к
Der Zorn,"гнев, ярость"
Eine These aufstellen,выдвинуть гипотезу
"Die These vertreten, dass","встречать гипотезу, что"
Eine These untermauern (te; t),"подкреплять, подтверждать"
Sich an D zeigen,указывать на
Ewig,"вечный, навеки, навсегда"
"Wir stimmen darin überein, dass","мы в этом похожи, что.."
Würdest du mir dein Problem genauer schildern,можешь чётче описать проблему
"Beschreib mir ganz konkret, um welche Verstöße/Schwierigkeiten es geht",опиши
Wollte mich bei dir erkundigen/informieren,хотел у тебя поинтересоваться
Das scheint mir nicht geeignet,мне не кажется это подходящим
"Es ist bedauerlich / besorgniserregend / nicht akzeptabel, dass",это это досадно / внушает
Es besteht ein Missverständnis / Diskrepanz zwischen,существует недопонимание /
Ich beobachte eine zunehmende Belastung der/des,"я вижу нарастающий стресс,"
Vernünftig,"благоразумно, разумно, здраво"
Heimlich,"тайком, втихаря, втайне"
Schleichen (i; i),"прокрасться, пробраться"
Ein paarmal,пару раз
Im Falle einer Notlage,в случае неотложного дела
Schüchtern,"застенчивый, скромный"
Rücksicht nehmen,"учитывать, be mindful of"
Hilfe leisten,оказывать помощь
"Ich bin der Überzeugung, dass","я убеждён, что"
Auf A Wert legen,придавать значение
Verantwortung tragen,нести ответственность
Ergebnisse erzielen,достичь результата
Erwartungen erfüllen,"оправдывать ожидания, удовлетворять ожидания"
In Eile sein,спешить
Ich schweife ab (abschweifen (te;t) ),I got carried away (by some thoughts)
Das steht außer Frage = das ist zweifellos so,that’s for sure
Verzichten (te; t) auf A,"обходиться без, отказаться от"
Stehen zur Verfügung = sind da,"находятся в расположении, готовы к услугам, готовы к"
Stellen Anforderungen an = haben Ansprüche an,предъявлять требования
Für mich besteht ein Zusammenhang zwischen … und.. Weil,мне кажется между .. есть
"Daran sieht man, dass etw mit etw direkt / eng / unmittelbar zusammenhängt",one can see
Etw geht oft mit etw einher,"встречается вместе с, сопровождается чем-то (einhergehen"
Gewiss,"воистину, несомненно / Sicher / Zweifellos / Ganz bestimmt"
"Alles deutet darauf hin / alle Anzeichen sprechen dafür, dass",всё указывает на
"Es lässt vermuten, dass","можно предположить, это позволяет предположить"
Es ist anzunehmen / zu erwarten / damit zu rechnen,можно сделать предположение /
"Aller Wahrscheinlichkeit nach, = Höchstwahrscheinlich",судя по всему
Es ist denkbar / vorstellbar,"можно подумать, представить"
Angewiesen sein auf A,"зависеть от, полагаться на"
Herumstehen,"стоять, простаивать, стоять на одном месте (долго мы тут ещё будет"
Der Ansatz (# Lösungsansatz),"метод, подход"
"Stoßen (ie, o) auf A","пить за что-тo, либо наткнуться на что-то (auf Wiederstand,"
Schwierigkeiten,"на сопротивление, на сложности)"
Tagtäglich,"ежедневно, каждый божий день"
"Übersehen (a, e) (untrennbar)","упустить, проглядеть"
Der Anspruch (ü_e),"право, претензия, притязание"
Die Anforderung (en),"требование, запрос"
"der Arm, (e)",рука (от плеча до кисти)
"der Ellenbogen / Ellbogen,",локоть
"die Hand, (","̈e) – кисть руки, рука (как часть тела)"
"die Handfläche, (n)",ладонь
das Knie,колено
"der Kopf, (",̈e) – голова
"der Nacken,","затылок, шея (задняя часть)"
"der Oberkörper,","верхняя часть туловища, корпус"
"der Oberschenkel,",бедро (верхняя часть ноги)
die Schulter (n) (,) плечо
Das Schulterblatt (,̈er) - лопатка
"der Unterschenkel,",голень (нижняя часть ноги)
"der Brustkorb, (e)",грудная клетка
der Sauerstoff (в контексте),кислород
Aufeinanderlegen (a; e),сложить/положить друг на друга
Ausschütteln (te; t),"встряхнуть, расслабить встряхиванием"
Beugen (te; t),сгибать
Dehnen (te; t),растягивать
Kreisen (te; t),вращать (по кругу)
Lockern (te; t),"расслаблять, разминать"
Neigen (te; t),наклонять
sinken lassen (ie; a),"позволить опуститься, расслабленно опустить"
Strecken (te; t),"вытягивать, растягивать"
Verschränken (te; t),"сцепить, переплести"
eine angenehme Dehnung spüren,почувствовать приятное растяжение
etwas in einen Bereich atmen,дышать во что-либо/в какую-либо область
Muskeln und Gelenke lockern,расслабить мышцы и суставы
den Körper / ein Körperteil ausschütteln,встряхнуть тело / часть тела
Beugen Sie den Oberkörper nach vorn.,Согните корпус вперед.
Kreisen Sie die Schultern.,Вращайте плечами.
Neigen Sie den Kopf zur Seite.,Наклоните голову в сторону.
Schütteln Sie den ganzen Körper aus.,Встряхните все тело.
Legen Sie die Handflächen aufeinander.,Сложите ладони вместе.
Verschränken Sie die Hände hinter dem Rücken.,Сцепите руки за спиной.
Die Leistungsfähigkeit,работоспособность
Anregen A,"стимулировать, способствовать"
Hüpfen (te; t),прыгать
Ins Bett hüpfen,"прыгать в постель, переспать"
Die Beweglichkeit,подвижность
Die Gleichgewicht (e),"баланс, равновесие"
Der Stoffwechsel,"метаболизм, обмен веществ"
Bewirken (te; t),"сделать, изменить, повлиять"
"Zur Folge haben, dass","иметь в результате, что"
Folgendermaßen,"таким образом, следующим образом"
angewiesen auf (Akk.),"зависящий от чего-либо, нуждающийся в чём-либо"
Viele ältere Menschen sind auf die Hilfe ihrer Angehörigen angewiesen.,Многие пожилые
aufgeschlossen gegenüber (Dat.),"открытый, восприимчивый по отношению к"
чему,либо/кому-либо
Unser Team ist neuen Arbeitsmethoden gegenüber sehr aufgeschlossen.,Наша команда
beteiligt an (Dat.),"участвующий, причастный к чему-либо"
Sie war maßgeblich an der Entwicklung des Projekts beteiligt.,Она принимала активное
gespannt auf (Akk.),"заинтересованный, в предвкушении, с нетерпением ожидающий"
чего,либо
Ich bin schon sehr gespannt auf die Ergebnisse der Studie.,Я с большим нетерпением
zuständig für (Akk.),ответственный за что-либо
Wer ist in Ihrer Abteilung zuständig für die Öffentlichkeitsarbeit?,Кто в вашем отделе
Das Abschlusszeignis,"аттестат, диплом"
Das Umfeld,"среда, обстановка"
Missfallen (ie; a),не одобрять
Das Missfallen,неодобрение
Ratlos sein,быть в тупике (фигурально)
Ausgeschlossen = unmöglich,"невозможно, исключено (исключённый)"
Wobei = obwohl,"несмотря на то, что"
Mittelmäßig,посредственный
In wirtschaftlicher Hinsicht,"с точки зрения экономики, в аспекте экономики, в"
für etwas aufkommen (ist aufgekommen) = bezahlen,"оплачивать, нести расходы за"
что,либо
Die Firma kommt für alle Weiterbildungskosten auf.,Компания оплачивает все расходы
"sich auftun (Dat.) (tut auf, tat auf, hat sich aufgetan) = sich erheben","открываться,"
Nach dem Abschluss taten sich ihm neue Perspektiven auf.,После окончания учёбы
nichtsdestotrotz,"тем не менее, несмотря на это"
"Es gab einige Schwierigkeiten, nichtsdestotrotz wurde das Projekt ein Erfolg.",Были
oftmals,"зачастую, часто (более формально, чем ""oft"")"
Dieses Phänomen wird oftmals unterschätzt.,Это явление зачастую недооценивается.
jemandem etwas gönnen,"желать кому-либо чего-то хорошего, не завидовать"
"Ich gönne ihm den Erfolg von Herzen, er hat hart dafür gearbeitet.",Я от всей души желаю
eingeschränkt,ограниченный
Aufgrund der Verletzung ist seine Bewegungsfähigkeit eingeschränkt.,Из-за травмы его
Erfüllen mit D,наполнять чем-то
"sich einschreiben an (Dat.) (schrieb ein, hat eingeschrieben)","записываться, поступать (в"
Sie hat sich an der Technischen Universität eingeschrieben.,Она поступила в
die Spannung (en),"1) напряжение (электрическое); 2) напряжённость, накал; 3)"
Beispiel 2: Die politische Spannung in der Region nahm zu.,Политическая
Sich entfremden von D,отдаляться от
Ungeachtet G,несмотря на
nicht im Geringsten / keineswegs,"ни в малейшей степени, нисколько"
Seine Kritik hat mich nicht im Geringsten überrascht.,Его критика нисколько меня не
sich antrainieren,"вырабатывать, натренировать (навык, привычку)"
Sie hat sich eine positive Einstellung antrainiert.,Она выработала у себя позитивный
abgesehen von / außer,"не считая, кроме, помимо"
Abgesehen von kleinen Startschwierigkeiten lief alles nach Plan.,Не считая небольших
"durchfallen (fällt durch, fiel durch, ist durchgefallen)","провалиться (на экзамене), не"
Leider ist er in der mündlichen Prüfung durchgefallen.,"К сожалению, он провалился на"
"einbinden (bindet ein, band ein, hat eingebunden)","вовлекать, интегрировать"
"Es ist wichtig, alle Teammitglieder in den Entscheidungsprozess einzubinden.",Важно
"die Verteilung, (en)",распределение
Die Verteilung der Ressourcen muss gerecht sein.,Распределение ресурсов должно
"das Diagramm, (e)","диаграмма, график"
Die Daten werden in einem Diagramm veranschaulicht.,Данные наглядно представлены
"das Liniendiagramm, (e)",линейная диаграмма
Die Entwicklung über die Zeit zeigt man am besten in einem Liniendiagramm.,Развитие во
"das Tortendiagramm, (e)",круговая диаграмма
Die Marktanteile sind in einem Tortendiagramm dargestellt.,Доли рынка представлены на
prozentual,"процентный, в процентах"
"Die prozentuale Veränderung beträgt +5,3%.",Процентное изменение составляет
"erheben (erhebt, erhob, hat erhoben)","1) проводить (опрос); 2) собирать (данные,"
Das Institut hat eine repräsentative Umfrage erhoben.,Институт провёл
etwas in der Tasche haben,"иметь что-то ""в кармане"", быть уверенным в чём-то"
für ein Thema brennen,гореть (быть увлечённым) какой-либо темой
Sie brennt für den Umweltschutz und engagiert sich ehrenamtlich.,Она горит защитой
sich richten an (Akk.),"предназначаться, адресоваться кому-либо"
Diese Schulung richtet sich an Führungskräfte.,Этот тренинг предназначен для
im Mittelpunkt stehen,"находиться в центре (внимания), быть главным"
Bei der Produktentwicklung steht die Nachhaltigkeit im Mittelpunkt.,При разработке
Möglichkeiten schaffen,создавать возможности
Familien.,Эта стипендия создаёт возможности для талантливых студентов из
schonen,"беречь, щадить"
Die neue Technologie schont die natürlichen Ressourcen.,Новая технология бережёт
"die Emission,","en – выброс (газов, загрязняющих веществ)"
Das Ziel ist die Reduzierung der CO2,Emissionen um 50%. – Цель: сокращение выбросов
sicherstellen,"обеспечивать, гарантировать"
Der Hersteller muss die hohe Qualität der Materialien sicherstellen.,Производитель
im Zentrum stehen,"находиться в центре (часто синоним ""im Mittelpunkt stehen"")"
Im Zentrum der Diskussion stand die Frage der Finanzierung.,В центре обсуждения
wirtschaftlich,"экономичный, рентабельный, хозяйственный"
Die Investition hat sich als sehr wirtschaftlich erwiesen.,Инвестиция оказалась очень
effizient,"эффективный, результативный"
Durch bessere Planung arbeiten wir jetzt viel effizienter.,Благодаря лучшему
einen Gewinn erzielen,получать прибыль
Das Unternehmen konnte im letzten Quartal einen Rekordgewinn erzielen.,Компания
"die Innovation,","en – инновация, нововведение"
Ständige Innovation ist für den Markterfolg entscheidend.,Постоянные инновации
hochwertig,высококачественный
Wir verwenden nur hochwertige und langlebige Materialien.,Мы используем только
nachwachsend,возобновляемый (о ресурсах)
Der Betrieb setzt vollständig auf nachwachsende Rohstoffe.,Предприятие полностью
investieren in (Akk.),инвестировать во что-либо
Sie hat viel Zeit in die Weiterbildung investiert.,Она вложила много времени в
"das Verfahren,","процесс, метод, производственный способ"
in erster Linie,в первую очередь
In erster Linie sind wir für die Sicherheit der Mitarbeiter verantwortlich.,В первую очередь
"die Zuständigkeit, (en)","компетенция, круг обязанностей"
"Das fällt nicht in meine Zuständigkeit, bitte wenden Sie sich an die Kollegin.",Это не
"das Anforderungsprofil, (e)",профиль требований (к должности)
Ihre Erfahrungen passen perfekt auf das Anforderungsprofil der Stelle.,Ваш опыт
"die Geschäftsführung, (en)","руководство компании, дирекция"
Die Geschäftsführung hat die Entscheidung bekannt gegeben.,Руководство компании
"die Belegschaft, (en)","персонал, коллектив (сотрудников компании)"
Die gesamte Belegschaft wurde zur Versammlung eingeladen.,Весь персонал был
Ergebnisse auswerten,"оценивать, анализировать результаты"
Die Daten der Studie werden aktuell ausgewertet.,Данные исследования в настоящее
"die Personalabteilung, (en)",отдел кадров
Ihren Urlaubsantrag reichen Sie bitte bei der Personalabteilung ein.,"Заявление на отпуск,"
in die Praxis umsetzen,реализовывать на практике
Die theoretischen Konzepte müssen nun in die Praxis umgesetzt werden.,Теоретические
erzeugen,"производить, генерировать"
"Die Solaranlage auf dem Dach erzeugt mehr Strom, als wir verbrauchen.",Солнечная
überwiegend,"преимущественно, в основном"
Die Rückmeldungen waren überwiegend positiv.,Отзывы были преимущественно
"der Inhaltsstoff, (e)","ингредиент, составляющее вещество"
Das Produkt kommt ohne künstliche Inhaltsstoffe aus.,Этот продукт обходится без
pflanzliche Rohstoffe,растительное сырьё
"Die Verpackung besteht aus nachwachsenden, pflanzlichen Rohstoffen.",Упаковка
tierische Rohstoffe,сырьё животного происхождения
Die Gerberei verarbeitet tierische Rohstoffe wie Leder.,Кожевенный завод
abbaubar,"разлагаемый, биоразлагаемый"
Wir verwenden nur vollständig biologisch abbaubare Verpackungsmaterialien.,Мы
"die Senkung, (en)","снижение, понижение"
Eine Senkung des Energieverbrauchs ist dringend notwendig.,Снижение потребления
verunreinigen,загрязнять
Das Abwasser verunreinigt den Fluss.,Сточные воды загрязняют реку.
recycelbar,"пригодный для переработки, рециклируемый"
Das neue Material ist zu 100% recycelbar.,Новый материал на 100% пригоден для
"die Ausstattung, (en)","оснащение, оборудование; комплектация"
Die Ausstattung der neuen Produktionshalle ist hochmodern.,Оснащение нового
etlich,"несколько, немало, изрядное количество (часто во мн.ч. ""etliche"")"
Bis zur Lösung des Problems werden noch etliche Gespräche nötig sein.,До решения
aufwendig,"затратный, трудоёмкий, роскошный"
Die Restaurierung des Denkmals war sehr aufwendig.,Реставрация памятника была
vielversprechend,многообещающий
Die ersten Testergebnisse sind vielversprechend.,Первые результаты испытаний
"die Überlastung, (en)",перегрузка
Die ständige Überlastung der Mitarbeiter führt zu mehr Krankmeldungen.,Постоянная
Alles im grünen Bereich bei dir? = alles in Ordnung?,всё в порядке? Всё идёт по плану
Zögern (te; t),"медлить, не решаться, сомневаться"
Ich habe allerdings Angst,и тем не менее (однако) я боюсь
Auch wenn = Dennoch,"всё же, тем не менее"
Für A von zentraler Bedeutung sein,иметь главное значение (первостепенную
важность) для чего,то
"Wenn sich jmd für A entscheidet, dürfte es vor allem daran liegen, dass",когда кто-то
решает сделать что,"то, это в первую очередь для/ввиду того, что…"
"Was für diese Entscheidung meines Erachtens ausschlaggebend ist, ist …",самое
Es blieb weiterhin / immer noch beliebt,оно по-прежнему оставалось популярным
Ich kann mich Zeit lassen = Ich muss mich nicht beeilen,могу не спешить
Meine Eltern haben mir Türen geöffnet = haben mir viel ermöglicht,дали много
Einen Weg einschlagen = eine bestimmte Richtung nehmen,встать на определённый
Hindernisse aus dem Weg räumen = Schwierigkeiten beseitigen,устранить препятствия
An eine gläserne Decke stoßen,"наткнуться, упереться в “стеклянный потолок”"
Ich komme mit zwei Wochen aus (auskommen),"я управляюсь за две недели, мне"
Das kommt mir sehr wenig vor (vorkommen),трудно могу себе это представить (мне
Das ist falsch rübergekommen,"это произвело неправильное впечатление, неправильно"
Hier kommt die Zeit für … hinzu (hinzukommen),Тут к тому же добавляется время для …
Es kommt auf das Thema an (ankommen),это зависит от темы
Kommt dann eine schlechtere Note heraus (herauskommen),тогда выходит/получается в
Das ist bei mir auch schon mal vorgekommen,со мной один раз такое
"Wenn du gar nicht klarkommst, …","если ты совсем не справляешься, .."
Manche kommen dir dann entgegen (entgegenkommen),некоторые тогда идут навстречу
"Wenn ich koche, fällt immer viel Abwasch an (anfallen)","когда я готовлю, возникает много"
Ich wurde von einem Hund angefallen,на меня набросилась собака
Mir sind die Augen vor Müdigkeit zufallen,у меня глаза слиплись (захлопнулись) от
Mir fiel die Aufgabe der Projektleitung zu (zufallen),мне досталось задание проджекта
Mir ist seine Name entfallen,его имя вылетело из моей головы
Der Kurs entfällt heute wegen Krankheit der Dozentin,курс сегодня выпадает (отменён)
из,за болезни профессора
wichtige Termine,"каждый коллега получает (на каждого приходится, выпадает) на 300"
Die Vergütigung,"гонорар, жалование, вознаграждение, компенсация"
Die Wahrnehmung,восприятие
Die Auswirkung auf A,"влияние на, воздействие на"
Die Erwartung an A,ожидание от
Das Mittel für/gegen A,средство для/от
Die Lust auf A,"настроение для, желание заняться чем-то"
Der Mangel an D,нехватка
Der Stutz gegen D / vor D,защита от
Der Umgang mit D,способ обходиться с чем-то
Der Zugang zu D,доступ к
an,"когда о чём-то думаю, то представляю"
Der Geruch,запах
Die Bedrohung,"угроза, опасность"
Der Bestand,"состав, популяция, инвентарь"
Bestand haben,"существовать какое-то время, продерживаться, иметь возможность"
Ausbrechen (a; o),"сбегать, разражаться, извергаться (вулкан)"
Umwandeln (te; t),"преобразовываться, конвертироваться"
Die Sonne strahlt (te;t),солнце сияет
Die geputzte Fenster glänzen (te; t),"мытые окна сияют, сверкают"
Die Lampe leuchtet (te;t),лампа светится
Die Kerze flackert (te;t),свеча горит
Die Sterne funkeln (te;t),звёзды мерцают
Die Eignung für A,"пригодность, склонность, готовность к"
Er ist weitgehend bekannt,"он в значительной степени, по большей части, в основном"
Die Herdplatte,плита кухонная
Der Wasserhahn,кран
Sich verirren (te; t),заблудиться
Umgangssprachlich,"в разговорном языке, в обиходе"
Die Lichtverhältnisse,"освещение, условия света"
Die Sonne geht auf und geht unter,солнце встаёт и заходит
Einschlagen in D (u;a),"разбить, проломить, ударить в"
Sich zunutze machen / ich muss es mich zunutze machen,я должен это использовать
Ausströmen (te; t) / Der Geruch strömt aus,"вытекать, источаться / аромат источаeтся"
Kostbar,"драгоценный, дорогой"
"Der Reichtum (ü, er) / Der Wohlstand","богатсво, процветание, благосостояние /"
Leistungsstark,"мощный, высокопроизводительный"
Kostengünstig,"малозатратный, дешёвый"
Der Wettstreit,"противостояние, борьба, конкуренция"
Vereinfachen (te; t),упрощать
Der Stromverbrauch,использование электричества
Schwamm drüber / Halb so wild,"забей, проехали / могло быть хуже"
Die Angelegenheit bereinigen = etwas wiedergutmachen,уладить проблему
Etwas verschulden / Ich habe etwas verschuldet = an etwas Schuld haben,провиниться в
чём,то
Jemandem unterläuft ein Fehler = jemandem passiert ein Versehen oder Irrtum,с кем-то
Für etwas geradestehen = für etwas die Verantwortung übernehmen,держать ответ за
что,то
Sein Bedauern ausdrücken,выражать сожаление
"Die Reue zeigen / empfinden = deutlich machen, dass man etwas bereut",показывать
Aus Versehen = versehentlich,"случайно, по недосмотру"
Mir ist folgendes Missgeschick unterlaufen,со мной приключилась вот такая
Ich was unaufmerksam / abgelenkt / erschöpft,я был невнимателен / отвлёкся / вымотан
Ich bin ausgerutscht / gestolpert / gestürzt,"я поскользнулся, споткнулся / наткнулся /"
Scheitern (te; sein + t),"терпеть неудачу, провалиться"
Die Panne,"неполадка, сбой, неприятность, авария"
Der Fehler kann sich in A einschleichen (ie; i),ошибка может проскользнуть
Verschütten (te; t),проливать
Das Gratulieren nachholen,компенсировать поздравления (если забыли)
Erniedrigend,унизительный
Gnadenlos,"беспощадный, безжалостный"
Letztlich,"в конечном счёте, в конце концов, по большому счёту"
Mangelnd,"недостаточный, недостающий"
Ratsam,целесообразный
Schewiegend,"серьёзный, тяжёлый (переносный смысл)"
Zwischenmenschlich,межличностный
Die Selbstreflexion = wenn man über eigene Person nachdenkt,саморефлексия
перетерпеть),умение держаться в конфликте
"Der Lichtblick = eine Aussicht (перспектива, шанс), auf die man sich freut","луч надежды,"
(сопротивление) anderen erreicht,способность настоять на своём
"schlechter hält als andere, leidet unter …",чувство неполноценности
haben,признание вины
Anklagen (te; t),обвинять
Die Versöhnung / Die Wiedervereinigung,"примирение, перемирие, воссоединение /"
Die Ausrede,"отговорка, оправдание, отмазка"
Die äußere Umstände,внешние обстоятельства
Der Verlust ausgleichen (i; i),компенсировать потерю
Erwähnenswert = nennenswert = bemerkenswert,достойно упоминания
Meine Reaktion war überzogen / übertrieben / übermäßig,"моя реакция была чрезмерная,"
Es ist angemessen,"это уместно, должным образом"
Aufrichtig entschuldigen,сразу же извиниться
Wir erweisen (ie; ie) dir Respekt,"мы выказываем, проявляем к тебе уважение"
Das Miteinander,"гармоничные, добрые отношения между людьми в обществе"
Das Gegenüber,собеседник/противоположность
Der Mitmensch,"ближний, собрат, любой человек как часть человеческого общества"
Die Floskel (Höflichkeitsfloskel),"шаблон, избитая фраза, клише, пустые слова"
Zurückweisen,"отвергать, отклонять, отказывать"
Zeugen von D / Zeichen für/von,свидетельствовать о
Akk Positiv stimmen (te; t),настраивать на хороший лад
Frauen (deutlich unterrepräsentiert) / (viel zu wenig vertreten) sind,женщина
Erheblich benachteiligt / sehr ungerecht behandelt sein,быть поставленным в
Gefährden (te; t),"подвергать опасности, риску"
Weit verbreitet = üblich,"распространённый, общепринятый"
Bestens geeignet,лучше всего подходящий
Sichtlich erleichtert,"с заметным, существенным облегчением"
Tief erschüttert,"глубоко расстроен, потрясён"
Zutiefst enttäuscht,глубочайше разочарован
Der Wendepunkt seines Lebens,поворотная точка его жизни
Spürbar,ощутимый
Der Zusammenbruch,"крах, распад, коллапс, нервный срыв"
Der Wandel,"перемена, изменение, трансформация"
Die Wendezeit,время перемен
Die Wende,"поворот, перелом"
Die Grundrechte einschränken (te; t),ограничивать базовые права человека
Der Lebensstandard,стандарт жизни
Frisch verliebt,"только что влюблённые, как бы пылко влюблённые"
Berichten (te; t),рассказывать
Bis dahin,до того момента
Der Verbündete,союзник
Der Stacheldraht,колючая проволока
Abriegeln (te; t),"блокировать, закрывать, изолировать"
Die Lebensgefahr,"угроза жизни, смертельная опасность"
Die Auswanderung,"эмиграция, переселение"
Andauernd,"постоянно, беспрерывно, всё время"
Die Bezeichnung,"наименование, обозначение"
Der Gesetz verabschieden (te; t),принимать закон
Verkünden (te; t),"провозглашать, оглашать, объявлять"
Die Grenze zu D,граница чего-то
Die Mauer einreißen (i; i),"снести стену, сравнять с землёй"
Im Hinblick auf A,"с точки зрения чего-то, в свете чего-то"
Wohnhaft in D,проживающий в
Die Debatte über,дебаты об
Schicksalhaft,роковой
Vollziehen (o;o) / eine Wendung vollziehen,"осуществить, провести / осуществить"
Etwas auf den Kopf stellen,перевернуть с ног на голову
Grundlegend,"радикально, коренным образом, фундаментально"
Die Perspektiven berücksichtigen / im Blick haben,"принимать во внимание, учитывать"
Einbeziehen (o;o) = integrieren (te; t),"подключать, интегрировать"
Auf A aufmerksam machen = für A sensibilisieren,"осведомлять об, подсвечивать что-то"
Identifizieren (te; t) = erkennen (a; a),"узнавать, понимать, идентифицировать"
Infolge / infolgedessen / weshalb / weswegen / demzufolge / folglich,"вследствие чего, в"
Das Bedürfnis / Die Nachfrage,"потребность, спрос"
Das Fazit,"вывод, заключение, итог"
Die Herstellung,"производство, изготовление"
"Die Teilhabe an D, am Familienleben","участие в, участие в семейной жизни"
Beträchtlich = erheblich,"значительный, существенный"
Der Scheibenwischer,"стеклоочиститель, дворник на машине"
Die Sichtbarkeit,видимость
Armlehne und Rückenlehnen,подлокотник и спинки сидений
Die Schwachstelle,"слабое место, уязвимость,"
Die Errungenschaft,достижение
Hintereinander = nacheinander,"подряд, два дня подряд"
Akk Vernachlässigen (te; t),"пренебрегать чем-то, игнорировать что-то"
Anhang + G,"впридачу к, вдобавок к"
Beschleunigen (te; t),"ускорять, активизировать, форсировать"
Vorhanden sein / vorhandene Daten,"быть в наличии, иметься / существующие,"
Zugeschnitten auf = angepasst an,"адаптирован к, приспособлен для"
Im Einsatz sein,"постоянно использоваться, быть в ходу"
Die Unterzahl / Überzahl,"меньшинство, большинство"
Dementsprechend,"следовательно, соответствующим образом"
Stets,"неизменно, постоянно, всегда"
